{"cameraMode":{"drawMode":0,"name":"Shaded","section":"Shading Mode"},"sceneLighting":false,"audioPlay":false,"sceneViewState":{"showFog":true,"showMaterialUpdate":false,"showSkybox":true,"showFlares":true,"showImageEffects":true,"showParticleSystems":true},"in2DMode":false,"pivot":{"x":6.119967460632324,"y":-1.1316455602645875,"z":0.0},"rotation":{"x":-0.029104547575116159,"y":0.011095483787357808,"z":-0.00032054350594989955,"w":-0.9995309710502625},"size":15.370024681091309,"orthographic":false}