{"cameraMode":{"drawMode":0,"name":"Shaded","section":"Shading Mode"},"sceneLighting":false,"audioPlay":false,"sceneViewState":{"showFog":true,"showMaterialUpdate":false,"showSkybox":true,"showFlares":true,"showImageEffects":true,"showParticleSystems":true},"in2DMode":false,"pivot":{"x":-3.0562925338745119,"y":2.502509117126465,"z":0.8266095519065857},"rotation":{"x":-0.020105261355638505,"y":0.018595941364765168,"z":-0.0003940163878723979,"w":-0.9996487498283386},"size":18.472553253173829,"orthographic":false}