{"cameraMode":{"drawMode":0,"name":"Shaded","section":"Shading Mode"},"sceneLighting":true,"audioPlay":false,"sceneViewState":{"showFog":false,"showMaterialUpdate":false,"showSkybox":false,"showFlares":false,"showImageEffects":false,"showParticleSystems":true},"in2DMode":false,"pivot":{"x":0.42237818241119387,"y":-1.2203776836395264,"z":0.06995175778865814},"rotation":{"x":0.03206886351108551,"y":0.032076429575681689,"z":0.0010247540194541216,"w":-0.9989703297615051},"size":11.726109504699707,"orthographic":false}